,Survived,PassengerId,Pclass,Age,SibSp,Parch,Fare,Sex_female,Sex_male,Embarked_C,Embarked_Q,Embarked_S
0,0,1,3,22,1,0,7.25,0,1,0,0,1
1,1,2,1,38,1,0,71.2833,1,0,1,0,0
2,1,3,3,26,0,0,7.925,1,0,0,0,1
3,1,4,1,35,1,0,53.1,1,0,0,0,1
4,0,5,3,35,0,0,8.05,0,1,0,0,1
5,0,6,3,28,0,0,8.4583,0,1,0,1,0
6,0,7,1,54,0,0,51.8625,0,1,0,0,1
7,0,8,3,2,3,1,21.075,0,1,0,0,1
8,1,9,3,27,0,2,11.1333,1,0,0,0,1
9,1,10,2,14,1,0,30.0708,1,0,1,0,0
10,1,11,3,4,1,1,16.7,1,0,0,0,1
11,1,12,1,58,0,0,26.55,1,0,0,0,1
12,0,13,3,20,0,0,8.05,0,1,0,0,1
13,0,14,3,39,1,5,31.275,0,1,0,0,1
14,0,15,3,14,0,0,7.8542,1,0,0,0,1
15,1,16,2,55,0,0,16,1,0,0,0,1
16,0,17,3,2,4,1,29.125,0,1,0,1,0
17,1,18,2,28,0,0,13,0,1,0,0,1
18,0,19,3,31,1,0,18,1,0,0,0,1
19,1,20,3,28,0,0,7.225,1,0,1,0,0
20,0,21,2,35,0,0,26,0,1,0,0,1
21,1,22,2,34,0,0,13,0,1,0,0,1
22,1,23,3,15,0,0,8.0292,1,0,0,1,0
23,1,24,1,28,0,0,35.5,0,1,0,0,1
24,0,25,3,8,3,1,21.075,1,0,0,0,1
25,1,26,3,38,1,5,31.3875,1,0,0,0,1
26,0,27,3,28,0,0,7.225,0,1,1,0,0
27,0,28,1,19,3,2,263,0,1,0,0,1
28,1,29,3,28,0,0,7.8792,1,0,0,1,0
29,0,30,3,28,0,0,7.8958,0,1,0,0,1
30,0,31,1,40,0,0,27.7208,0,1,1,0,0
31,1,32,1,28,1,0,146.5208,1,0,1,0,0
32,1,33,3,28,0,0,7.75,1,0,0,1,0
33,0,34,2,66,0,0,10.5,0,1,0,0,1
34,0,35,1,28,1,0,82.1708,0,1,1,0,0
35,0,36,1,42,1,0,52,0,1,0,0,1
36,1,37,3,28,0,0,7.2292,0,1,1,0,0
37,0,38,3,21,0,0,8.05,0,1,0,0,1
38,0,39,3,18,2,0,18,1,0,0,0,1
39,1,40,3,14,1,0,11.2417,1,0,1,0,0
40,0,41,3,40,1,0,9.475,1,0,0,0,1
41,0,42,2,27,1,0,21,1,0,0,0,1
42,0,43,3,28,0,0,7.8958,0,1,1,0,0
43,1,44,2,3,1,2,41.5792,1,0,1,0,0
44,1,45,3,19,0,0,7.8792,1,0,0,1,0
45,0,46,3,28,0,0,8.05,0,1,0,0,1
46,0,47,3,28,1,0,15.5,0,1,0,1,0
47,1,48,3,28,0,0,7.75,1,0,0,1,0
48,0,49,3,28,2,0,21.6792,0,1,1,0,0
49,0,50,3,18,1,0,17.8,1,0,0,0,1
50,0,51,3,7,4,1,39.6875,0,1,0,0,1
51,0,52,3,21,0,0,7.8,0,1,0,0,1
52,1,53,1,49,1,0,76.7292,1,0,1,0,0
53,1,54,2,29,1,0,26,1,0,0,0,1
54,0,55,1,65,0,1,61.9792,0,1,1,0,0
55,1,56,1,28,0,0,35.5,0,1,0,0,1
56,1,57,2,21,0,0,10.5,1,0,0,0,1
57,0,58,3,28.5,0,0,7.2292,0,1,1,0,0
58,1,59,2,5,1,2,27.75,1,0,0,0,1
59,0,60,3,11,5,2,46.9,0,1,0,0,1
60,0,61,3,22,0,0,7.2292,0,1,1,0,0
61,1,62,1,38,0,0,80,1,0,0,0,0
62,0,63,1,45,1,0,83.475,0,1,0,0,1
63,0,64,3,4,3,2,27.9,0,1,0,0,1
64,0,65,1,28,0,0,27.7208,0,1,1,0,0
65,1,66,3,28,1,1,15.2458,0,1,1,0,0
66,1,67,2,29,0,0,10.5,1,0,0,0,1
67,0,68,3,19,0,0,8.1583,0,1,0,0,1
68,1,69,3,17,4,2,7.925,1,0,0,0,1
69,0,70,3,26,2,0,8.6625,0,1,0,0,1
70,0,71,2,32,0,0,10.5,0,1,0,0,1
71,0,72,3,16,5,2,46.9,1,0,0,0,1
72,0,73,2,21,0,0,73.5,0,1,0,0,1
73,0,74,3,26,1,0,14.4542,0,1,1,0,0
74,1,75,3,32,0,0,56.4958,0,1,0,0,1
75,0,76,3,25,0,0,7.65,0,1,0,0,1
76,0,77,3,28,0,0,7.8958,0,1,0,0,1
77,0,78,3,28,0,0,8.05,0,1,0,0,1
78,1,79,2,0.83,0,2,29,0,1,0,0,1
79,1,80,3,30,0,0,12.475,1,0,0,0,1
80,0,81,3,22,0,0,9,0,1,0,0,1
81,1,82,3,29,0,0,9.5,0,1,0,0,1
82,1,83,3,28,0,0,7.7875,1,0,0,1,0
83,0,84,1,28,0,0,47.1,0,1,0,0,1
84,1,85,2,17,0,0,10.5,1,0,0,0,1
85,1,86,3,33,3,0,15.85,1,0,0,0,1
86,0,87,3,16,1,3,34.375,0,1,0,0,1
87,0,88,3,28,0,0,8.05,0,1,0,0,1
88,1,89,1,23,3,2,263,1,0,0,0,1
89,0,90,3,24,0,0,8.05,0,1,0,0,1
90,0,91,3,29,0,0,8.05,0,1,0,0,1
91,0,92,3,20,0,0,7.8542,0,1,0,0,1
92,0,93,1,46,1,0,61.175,0,1,0,0,1
93,0,94,3,26,1,2,20.575,0,1,0,0,1
94,0,95,3,59,0,0,7.25,0,1,0,0,1
95,0,96,3,28,0,0,8.05,0,1,0,0,1
96,0,97,1,71,0,0,34.6542,0,1,1,0,0
97,1,98,1,23,0,1,63.3583,0,1,1,0,0
98,1,99,2,34,0,1,23,1,0,0,0,1
99,0,100,2,34,1,0,26,0,1,0,0,1
100,0,101,3,28,0,0,7.8958,1,0,0,0,1
101,0,102,3,28,0,0,7.8958,0,1,0,0,1
102,0,103,1,21,0,1,77.2875,0,1,0,0,1
103,0,104,3,33,0,0,8.6542,0,1,0,0,1
104,0,105,3,37,2,0,7.925,0,1,0,0,1
105,0,106,3,28,0,0,7.8958,0,1,0,0,1
106,1,107,3,21,0,0,7.65,1,0,0,0,1
107,1,108,3,28,0,0,7.775,0,1,0,0,1
108,0,109,3,38,0,0,7.8958,0,1,0,0,1
109,1,110,3,28,1,0,24.15,1,0,0,1,0
110,0,111,1,47,0,0,52,0,1,0,0,1
111,0,112,3,14.5,1,0,14.4542,1,0,1,0,0
112,0,113,3,22,0,0,8.05,0,1,0,0,1
113,0,114,3,20,1,0,9.825,1,0,0,0,1
114,0,115,3,17,0,0,14.4583,1,0,1,0,0
115,0,116,3,21,0,0,7.925,0,1,0,0,1
116,0,117,3,70.5,0,0,7.75,0,1,0,1,0
117,0,118,2,29,1,0,21,0,1,0,0,1
118,0,119,1,24,0,1,247.5208,0,1,1,0,0
119,0,120,3,2,4,2,31.275,1,0,0,0,1
120,0,121,2,21,2,0,73.5,0,1,0,0,1
121,0,122,3,28,0,0,8.05,0,1,0,0,1
122,0,123,2,32.5,1,0,30.0708,0,1,1,0,0
123,1,124,2,32.5,0,0,13,1,0,0,0,1
124,0,125,1,54,0,1,77.2875,0,1,0,0,1
125,1,126,3,12,1,0,11.2417,0,1,1,0,0
126,0,127,3,28,0,0,7.75,0,1,0,1,0
127,1,128,3,24,0,0,7.1417,0,1,0,0,1
128,1,129,3,28,1,1,22.3583,1,0,1,0,0
129,0,130,3,45,0,0,6.975,0,1,0,0,1
130,0,131,3,33,0,0,7.8958,0,1,1,0,0
131,0,132,3,20,0,0,7.05,0,1,0,0,1
132,0,133,3,47,1,0,14.5,1,0,0,0,1
133,1,134,2,29,1,0,26,1,0,0,0,1
134,0,135,2,25,0,0,13,0,1,0,0,1
135,0,136,2,23,0,0,15.0458,0,1,1,0,0
136,1,137,1,19,0,2,26.2833,1,0,0,0,1
137,0,138,1,37,1,0,53.1,0,1,0,0,1
138,0,139,3,16,0,0,9.2167,0,1,0,0,1
139,0,140,1,24,0,0,79.2,0,1,1,0,0
140,0,141,3,28,0,2,15.2458,1,0,1,0,0
141,1,142,3,22,0,0,7.75,1,0,0,0,1
142,1,143,3,24,1,0,15.85,1,0,0,0,1
143,0,144,3,19,0,0,6.75,0,1,0,1,0
144,0,145,2,18,0,0,11.5,0,1,0,0,1
145,0,146,2,19,1,1,36.75,0,1,0,0,1
146,1,147,3,27,0,0,7.7958,0,1,0,0,1
147,0,148,3,9,2,2,34.375,1,0,0,0,1
148,0,149,2,36.5,0,2,26,0,1,0,0,1
149,0,150,2,42,0,0,13,0,1,0,0,1
150,0,151,2,51,0,0,12.525,0,1,0,0,1
151,1,152,1,22,1,0,66.6,1,0,0,0,1
152,0,153,3,55.5,0,0,8.05,0,1,0,0,1
153,0,154,3,40.5,0,2,14.5,0,1,0,0,1
154,0,155,3,28,0,0,7.3125,0,1,0,0,1
155,0,156,1,51,0,1,61.3792,0,1,1,0,0
156,1,157,3,16,0,0,7.7333,1,0,0,1,0
157,0,158,3,30,0,0,8.05,0,1,0,0,1
158,0,159,3,28,0,0,8.6625,0,1,0,0,1
159,0,160,3,28,8,2,69.55,0,1,0,0,1
160,0,161,3,44,0,1,16.1,0,1,0,0,1
161,1,162,2,40,0,0,15.75,1,0,0,0,1
162,0,163,3,26,0,0,7.775,0,1,0,0,1
163,0,164,3,17,0,0,8.6625,0,1,0,0,1
164,0,165,3,1,4,1,39.6875,0,1,0,0,1
165,1,166,3,9,0,2,20.525,0,1,0,0,1
166,1,167,1,28,0,1,55,1,0,0,0,1
167,0,168,3,45,1,4,27.9,1,0,0,0,1
168,0,169,1,28,0,0,25.925,0,1,0,0,1
169,0,170,3,28,0,0,56.4958,0,1,0,0,1
170,0,171,1,61,0,0,33.5,0,1,0,0,1
171,0,172,3,4,4,1,29.125,0,1,0,1,0
172,1,173,3,1,1,1,11.1333,1,0,0,0,1
173,0,174,3,21,0,0,7.925,0,1,0,0,1
174,0,175,1,56,0,0,30.6958,0,1,1,0,0
175,0,176,3,18,1,1,7.8542,0,1,0,0,1
176,0,177,3,28,3,1,25.4667,0,1,0,0,1
177,0,178,1,50,0,0,28.7125,1,0,1,0,0
178,0,179,2,30,0,0,13,0,1,0,0,1
179,0,180,3,36,0,0,0,0,1,0,0,1
180,0,181,3,28,8,2,69.55,1,0,0,0,1
181,0,182,2,28,0,0,15.05,0,1,1,0,0
182,0,183,3,9,4,2,31.3875,0,1,0,0,1
183,1,184,2,1,2,1,39,0,1,0,0,1
184,1,185,3,4,0,2,22.025,1,0,0,0,1
185,0,186,1,28,0,0,50,0,1,0,0,1
186,1,187,3,28,1,0,15.5,1,0,0,1,0
187,1,188,1,45,0,0,26.55,0,1,0,0,1
188,0,189,3,40,1,1,15.5,0,1,0,1,0
189,0,190,3,36,0,0,7.8958,0,1,0,0,1
190,1,191,2,32,0,0,13,1,0,0,0,1
191,0,192,2,19,0,0,13,0,1,0,0,1
192,1,193,3,19,1,0,7.8542,1,0,0,0,1
193,1,194,2,3,1,1,26,0,1,0,0,1
194,1,195,1,44,0,0,27.7208,1,0,1,0,0
195,1,196,1,58,0,0,146.5208,1,0,1,0,0
196,0,197,3,28,0,0,7.75,0,1,0,1,0
197,0,198,3,42,0,1,8.4042,0,1,0,0,1
198,1,199,3,28,0,0,7.75,1,0,0,1,0
199,0,200,2,24,0,0,13,1,0,0,0,1
200,0,201,3,28,0,0,9.5,0,1,0,0,1
201,0,202,3,28,8,2,69.55,0,1,0,0,1
202,0,203,3,34,0,0,6.4958,0,1,0,0,1
203,0,204,3,45.5,0,0,7.225,0,1,1,0,0
204,1,205,3,18,0,0,8.05,0,1,0,0,1
205,0,206,3,2,0,1,10.4625,1,0,0,0,1
206,0,207,3,32,1,0,15.85,0,1,0,0,1
207,1,208,3,26,0,0,18.7875,0,1,1,0,0
208,1,209,3,16,0,0,7.75,1,0,0,1,0
209,1,210,1,40,0,0,31,0,1,1,0,0
210,0,211,3,24,0,0,7.05,0,1,0,0,1
211,1,212,2,35,0,0,21,1,0,0,0,1
212,0,213,3,22,0,0,7.25,0,1,0,0,1
213,0,214,2,30,0,0,13,0,1,0,0,1
214,0,215,3,28,1,0,7.75,0,1,0,1,0
215,1,216,1,31,1,0,113.275,1,0,1,0,0
216,1,217,3,27,0,0,7.925,1,0,0,0,1
217,0,218,2,42,1,0,27,0,1,0,0,1
218,1,219,1,32,0,0,76.2917,1,0,1,0,0
219,0,220,2,30,0,0,10.5,0,1,0,0,1
220,1,221,3,16,0,0,8.05,0,1,0,0,1
221,0,222,2,27,0,0,13,0,1,0,0,1
222,0,223,3,51,0,0,8.05,0,1,0,0,1
223,0,224,3,28,0,0,7.8958,0,1,0,0,1
224,1,225,1,38,1,0,90,0,1,0,0,1
225,0,226,3,22,0,0,9.35,0,1,0,0,1
226,1,227,2,19,0,0,10.5,0,1,0,0,1
227,0,228,3,20.5,0,0,7.25,0,1,0,0,1
228,0,229,2,18,0,0,13,0,1,0,0,1
229,0,230,3,28,3,1,25.4667,1,0,0,0,1
230,1,231,1,35,1,0,83.475,1,0,0,0,1
231,0,232,3,29,0,0,7.775,0,1,0,0,1
232,0,233,2,59,0,0,13.5,0,1,0,0,1
233,1,234,3,5,4,2,31.3875,1,0,0,0,1
234,0,235,2,24,0,0,10.5,0,1,0,0,1
235,0,236,3,28,0,0,7.55,1,0,0,0,1
236,0,237,2,44,1,0,26,0,1,0,0,1
237,1,238,2,8,0,2,26.25,1,0,0,0,1
238,0,239,2,19,0,0,10.5,0,1,0,0,1
239,0,240,2,33,0,0,12.275,0,1,0,0,1
240,0,241,3,28,1,0,14.4542,1,0,1,0,0
241,1,242,3,28,1,0,15.5,1,0,0,1,0
242,0,243,2,29,0,0,10.5,0,1,0,0,1
243,0,244,3,22,0,0,7.125,0,1,0,0,1
244,0,245,3,30,0,0,7.225,0,1,1,0,0
245,0,246,1,44,2,0,90,0,1,0,1,0
246,0,247,3,25,0,0,7.775,1,0,0,0,1
247,1,248,2,24,0,2,14.5,1,0,0,0,1
248,1,249,1,37,1,1,52.5542,0,1,0,0,1
249,0,250,2,54,1,0,26,0,1,0,0,1
250,0,251,3,28,0,0,7.25,0,1,0,0,1
251,0,252,3,29,1,1,10.4625,1,0,0,0,1
252,0,253,1,62,0,0,26.55,0,1,0,0,1
253,0,254,3,30,1,0,16.1,0,1,0,0,1
254,0,255,3,41,0,2,20.2125,1,0,0,0,1
255,1,256,3,29,0,2,15.2458,1,0,1,0,0
256,1,257,1,28,0,0,79.2,1,0,1,0,0
257,1,258,1,30,0,0,86.5,1,0,0,0,1
258,1,259,1,35,0,0,512.3292,1,0,1,0,0
259,1,260,2,50,0,1,26,1,0,0,0,1
260,0,261,3,28,0,0,7.75,0,1,0,1,0
261,1,262,3,3,4,2,31.3875,0,1,0,0,1
262,0,263,1,52,1,1,79.65,0,1,0,0,1
263,0,264,1,40,0,0,0,0,1,0,0,1
264,0,265,3,28,0,0,7.75,1,0,0,1,0
265,0,266,2,36,0,0,10.5,0,1,0,0,1
266,0,267,3,16,4,1,39.6875,0,1,0,0,1
267,1,268,3,25,1,0,7.775,0,1,0,0,1
268,1,269,1,58,0,1,153.4625,1,0,0,0,1
269,1,270,1,35,0,0,135.6333,1,0,0,0,1
270,0,271,1,28,0,0,31,0,1,0,0,1
271,1,272,3,25,0,0,0,0,1,0,0,1
272,1,273,2,41,0,1,19.5,1,0,0,0,1
273,0,274,1,37,0,1,29.7,0,1,1,0,0
274,1,275,3,28,0,0,7.75,1,0,0,1,0
275,1,276,1,63,1,0,77.9583,1,0,0,0,1
276,0,277,3,45,0,0,7.75,1,0,0,0,1
277,0,278,2,28,0,0,0,0,1,0,0,1
278,0,279,3,7,4,1,29.125,0,1,0,1,0
279,1,280,3,35,1,1,20.25,1,0,0,0,1
280,0,281,3,65,0,0,7.75,0,1,0,1,0
281,0,282,3,28,0,0,7.8542,0,1,0,0,1
282,0,283,3,16,0,0,9.5,0,1,0,0,1
283,1,284,3,19,0,0,8.05,0,1,0,0,1
284,0,285,1,28,0,0,26,0,1,0,0,1
285,0,286,3,33,0,0,8.6625,0,1,1,0,0
286,1,287,3,30,0,0,9.5,0,1,0,0,1
287,0,288,3,22,0,0,7.8958,0,1,0,0,1
288,1,289,2,42,0,0,13,0,1,0,0,1
289,1,290,3,22,0,0,7.75,1,0,0,1,0
290,1,291,1,26,0,0,78.85,1,0,0,0,1
291,1,292,1,19,1,0,91.0792,1,0,1,0,0
292,0,293,2,36,0,0,12.875,0,1,1,0,0
293,0,294,3,24,0,0,8.85,1,0,0,0,1
294,0,295,3,24,0,0,7.8958,0,1,0,0,1
295,0,296,1,28,0,0,27.7208,0,1,1,0,0
296,0,297,3,23.5,0,0,7.2292,0,1,1,0,0
297,0,298,1,2,1,2,151.55,1,0,0,0,1
298,1,299,1,28,0,0,30.5,0,1,0,0,1
299,1,300,1,50,0,1,247.5208,1,0,1,0,0
300,1,301,3,28,0,0,7.75,1,0,0,1,0
301,1,302,3,28,2,0,23.25,0,1,0,1,0
302,0,303,3,19,0,0,0,0,1,0,0,1
303,1,304,2,28,0,0,12.35,1,0,0,1,0
304,0,305,3,28,0,0,8.05,0,1,0,0,1
305,1,306,1,0.92,1,2,151.55,0,1,0,0,1
306,1,307,1,28,0,0,110.8833,1,0,1,0,0
307,1,308,1,17,1,0,108.9,1,0,1,0,0
308,0,309,2,30,1,0,24,0,1,1,0,0
309,1,310,1,30,0,0,56.9292,1,0,1,0,0
310,1,311,1,24,0,0,83.1583,1,0,1,0,0
311,1,312,1,18,2,2,262.375,1,0,1,0,0
312,0,313,2,26,1,1,26,1,0,0,0,1
313,0,314,3,28,0,0,7.8958,0,1,0,0,1
314,0,315,2,43,1,1,26.25,0,1,0,0,1
315,1,316,3,26,0,0,7.8542,1,0,0,0,1
316,1,317,2,24,1,0,26,1,0,0,0,1
317,0,318,2,54,0,0,14,0,1,0,0,1
318,1,319,1,31,0,2,164.8667,1,0,0,0,1
319,1,320,1,40,1,1,134.5,1,0,1,0,0
320,0,321,3,22,0,0,7.25,0,1,0,0,1
321,0,322,3,27,0,0,7.8958,0,1,0,0,1
322,1,323,2,30,0,0,12.35,1,0,0,1,0
323,1,324,2,22,1,1,29,1,0,0,0,1
324,0,325,3,28,8,2,69.55,0,1,0,0,1
325,1,326,1,36,0,0,135.6333,1,0,1,0,0
326,0,327,3,61,0,0,6.2375,0,1,0,0,1
327,1,328,2,36,0,0,13,1,0,0,0,1
328,1,329,3,31,1,1,20.525,1,0,0,0,1
329,1,330,1,16,0,1,57.9792,1,0,1,0,0
330,1,331,3,28,2,0,23.25,1,0,0,1,0
331,0,332,1,45.5,0,0,28.5,0,1,0,0,1
332,0,333,1,38,0,1,153.4625,0,1,0,0,1
333,0,334,3,16,2,0,18,0,1,0,0,1
334,1,335,1,28,1,0,133.65,1,0,0,0,1
335,0,336,3,28,0,0,7.8958,0,1,0,0,1
336,0,337,1,29,1,0,66.6,0,1,0,0,1
337,1,338,1,41,0,0,134.5,1,0,1,0,0
338,1,339,3,45,0,0,8.05,0,1,0,0,1
339,0,340,1,45,0,0,35.5,0,1,0,0,1
340,1,341,2,2,1,1,26,0,1,0,0,1
341,1,342,1,24,3,2,263,1,0,0,0,1
342,0,343,2,28,0,0,13,0,1,0,0,1
343,0,344,2,25,0,0,13,0,1,0,0,1
344,0,345,2,36,0,0,13,0,1,0,0,1
345,1,346,2,24,0,0,13,1,0,0,0,1
346,1,347,2,40,0,0,13,1,0,0,0,1
347,1,348,3,28,1,0,16.1,1,0,0,0,1
348,1,349,3,3,1,1,15.9,0,1,0,0,1
349,0,350,3,42,0,0,8.6625,0,1,0,0,1
350,0,351,3,23,0,0,9.225,0,1,0,0,1
351,0,352,1,28,0,0,35,0,1,0,0,1
352,0,353,3,15,1,1,7.2292,0,1,1,0,0
353,0,354,3,25,1,0,17.8,0,1,0,0,1
354,0,355,3,28,0,0,7.225,0,1,1,0,0
355,0,356,3,28,0,0,9.5,0,1,0,0,1
356,1,357,1,22,0,1,55,1,0,0,0,1
357,0,358,2,38,0,0,13,1,0,0,0,1
358,1,359,3,28,0,0,7.8792,1,0,0,1,0
359,1,360,3,28,0,0,7.8792,1,0,0,1,0
360,0,361,3,40,1,4,27.9,0,1,0,0,1
361,0,362,2,29,1,0,27.7208,0,1,1,0,0
362,0,363,3,45,0,1,14.4542,1,0,1,0,0
363,0,364,3,35,0,0,7.05,0,1,0,0,1
364,0,365,3,28,1,0,15.5,0,1,0,1,0
365,0,366,3,30,0,0,7.25,0,1,0,0,1
366,1,367,1,60,1,0,75.25,1,0,1,0,0
367,1,368,3,28,0,0,7.2292,1,0,1,0,0
368,1,369,3,28,0,0,7.75,1,0,0,1,0
369,1,370,1,24,0,0,69.3,1,0,1,0,0
370,1,371,1,25,1,0,55.4417,0,1,1,0,0
371,0,372,3,18,1,0,6.4958,0,1,0,0,1
372,0,373,3,19,0,0,8.05,0,1,0,0,1
373,0,374,1,22,0,0,135.6333,0,1,1,0,0
374,0,375,3,3,3,1,21.075,1,0,0,0,1
375,1,376,1,28,1,0,82.1708,1,0,1,0,0
376,1,377,3,22,0,0,7.25,1,0,0,0,1
377,0,378,1,27,0,2,211.5,0,1,1,0,0
378,0,379,3,20,0,0,4.0125,0,1,1,0,0
379,0,380,3,19,0,0,7.775,0,1,0,0,1
380,1,381,1,42,0,0,227.525,1,0,1,0,0
381,1,382,3,1,0,2,15.7417,1,0,1,0,0
382,0,383,3,32,0,0,7.925,0,1,0,0,1
383,1,384,1,35,1,0,52,1,0,0,0,1
384,0,385,3,28,0,0,7.8958,0,1,0,0,1
385,0,386,2,18,0,0,73.5,0,1,0,0,1
386,0,387,3,1,5,2,46.9,0,1,0,0,1
387,1,388,2,36,0,0,13,1,0,0,0,1
388,0,389,3,28,0,0,7.7292,0,1,0,1,0
389,1,390,2,17,0,0,12,1,0,1,0,0
390,1,391,1,36,1,2,120,0,1,0,0,1
391,1,392,3,21,0,0,7.7958,0,1,0,0,1
392,0,393,3,28,2,0,7.925,0,1,0,0,1
393,1,394,1,23,1,0,113.275,1,0,1,0,0
394,1,395,3,24,0,2,16.7,1,0,0,0,1
395,0,396,3,22,0,0,7.7958,0,1,0,0,1
396,0,397,3,31,0,0,7.8542,1,0,0,0,1
397,0,398,2,46,0,0,26,0,1,0,0,1
398,0,399,2,23,0,0,10.5,0,1,0,0,1
399,1,400,2,28,0,0,12.65,1,0,0,0,1
400,1,401,3,39,0,0,7.925,0,1,0,0,1
401,0,402,3,26,0,0,8.05,0,1,0,0,1
402,0,403,3,21,1,0,9.825,1,0,0,0,1
403,0,404,3,28,1,0,15.85,0,1,0,0,1
404,0,405,3,20,0,0,8.6625,1,0,0,0,1
405,0,406,2,34,1,0,21,0,1,0,0,1
406,0,407,3,51,0,0,7.75,0,1,0,0,1
407,1,408,2,3,1,1,18.75,0,1,0,0,1
408,0,409,3,21,0,0,7.775,0,1,0,0,1
409,0,410,3,28,3,1,25.4667,1,0,0,0,1
410,0,411,3,28,0,0,7.8958,0,1,0,0,1
411,0,412,3,28,0,0,6.8583,0,1,0,1,0
412,1,413,1,33,1,0,90,1,0,0,1,0
413,0,414,2,28,0,0,0,0,1,0,0,1
414,1,415,3,44,0,0,7.925,0,1,0,0,1
415,0,416,3,28,0,0,8.05,1,0,0,0,1
416,1,417,2,34,1,1,32.5,1,0,0,0,1
417,1,418,2,18,0,2,13,1,0,0,0,1
418,0,419,2,30,0,0,13,0,1,0,0,1
419,0,420,3,10,0,2,24.15,1,0,0,0,1
420,0,421,3,28,0,0,7.8958,0,1,1,0,0
421,0,422,3,21,0,0,7.7333,0,1,0,1,0
422,0,423,3,29,0,0,7.875,0,1,0,0,1
423,0,424,3,28,1,1,14.4,1,0,0,0,1
424,0,425,3,18,1,1,20.2125,0,1,0,0,1
425,0,426,3,28,0,0,7.25,0,1,0,0,1
426,1,427,2,28,1,0,26,1,0,0,0,1
427,1,428,2,19,0,0,26,1,0,0,0,1
428,0,429,3,28,0,0,7.75,0,1,0,1,0
429,1,430,3,32,0,0,8.05,0,1,0,0,1
430,1,431,1,28,0,0,26.55,0,1,0,0,1
431,1,432,3,28,1,0,16.1,1,0,0,0,1
432,1,433,2,42,1,0,26,1,0,0,0,1
433,0,434,3,17,0,0,7.125,0,1,0,0,1
434,0,435,1,50,1,0,55.9,0,1,0,0,1
435,1,436,1,14,1,2,120,1,0,0,0,1
436,0,437,3,21,2,2,34.375,1,0,0,0,1
437,1,438,2,24,2,3,18.75,1,0,0,0,1
438,0,439,1,64,1,4,263,0,1,0,0,1
439,0,440,2,31,0,0,10.5,0,1,0,0,1
440,1,441,2,45,1,1,26.25,1,0,0,0,1
441,0,442,3,20,0,0,9.5,0,1,0,0,1
442,0,443,3,25,1,0,7.775,0,1,0,0,1
443,1,444,2,28,0,0,13,1,0,0,0,1
444,1,445,3,28,0,0,8.1125,0,1,0,0,1
445,1,446,1,4,0,2,81.8583,0,1,0,0,1
446,1,447,2,13,0,1,19.5,1,0,0,0,1
447,1,448,1,34,0,0,26.55,0,1,0,0,1
448,1,449,3,5,2,1,19.2583,1,0,1,0,0
449,1,450,1,52,0,0,30.5,0,1,0,0,1
450,0,451,2,36,1,2,27.75,0,1,0,0,1
451,0,452,3,28,1,0,19.9667,0,1,0,0,1
452,0,453,1,30,0,0,27.75,0,1,1,0,0
453,1,454,1,49,1,0,89.1042,0,1,1,0,0
454,0,455,3,28,0,0,8.05,0,1,0,0,1
455,1,456,3,29,0,0,7.8958,0,1,1,0,0
456,0,457,1,65,0,0,26.55,0,1,0,0,1
457,1,458,1,28,1,0,51.8625,1,0,0,0,1
458,1,459,2,50,0,0,10.5,1,0,0,0,1
459,0,460,3,28,0,0,7.75,0,1,0,1,0
460,1,461,1,48,0,0,26.55,0,1,0,0,1
461,0,462,3,34,0,0,8.05,0,1,0,0,1
462,0,463,1,47,0,0,38.5,0,1,0,0,1
463,0,464,2,48,0,0,13,0,1,0,0,1
464,0,465,3,28,0,0,8.05,0,1,0,0,1
465,0,466,3,38,0,0,7.05,0,1,0,0,1
466,0,467,2,28,0,0,0,0,1,0,0,1
467,0,468,1,56,0,0,26.55,0,1,0,0,1
468,0,469,3,28,0,0,7.725,0,1,0,1,0
469,1,470,3,0.75,2,1,19.2583,1,0,1,0,0
470,0,471,3,28,0,0,7.25,0,1,0,0,1
471,0,472,3,38,0,0,8.6625,0,1,0,0,1
472,1,473,2,33,1,2,27.75,1,0,0,0,1
473,1,474,2,23,0,0,13.7917,1,0,1,0,0
474,0,475,3,22,0,0,9.8375,1,0,0,0,1
475,0,476,1,28,0,0,52,0,1,0,0,1
476,0,477,2,34,1,0,21,0,1,0,0,1
477,0,478,3,29,1,0,7.0458,0,1,0,0,1
478,0,479,3,22,0,0,7.5208,0,1,0,0,1
479,1,480,3,2,0,1,12.2875,1,0,0,0,1
480,0,481,3,9,5,2,46.9,0,1,0,0,1
481,0,482,2,28,0,0,0,0,1,0,0,1
482,0,483,3,50,0,0,8.05,0,1,0,0,1
483,1,484,3,63,0,0,9.5875,1,0,0,0,1
484,1,485,1,25,1,0,91.0792,0,1,1,0,0
485,0,486,3,28,3,1,25.4667,1,0,0,0,1
486,1,487,1,35,1,0,90,1,0,0,0,1
487,0,488,1,58,0,0,29.7,0,1,1,0,0
488,0,489,3,30,0,0,8.05,0,1,0,0,1
489,1,490,3,9,1,1,15.9,0,1,0,0,1
490,0,491,3,28,1,0,19.9667,0,1,0,0,1
491,0,492,3,21,0,0,7.25,0,1,0,0,1
492,0,493,1,55,0,0,30.5,0,1,0,0,1
493,0,494,1,71,0,0,49.5042,0,1,1,0,0
494,0,495,3,21,0,0,8.05,0,1,0,0,1
495,0,496,3,28,0,0,14.4583,0,1,1,0,0
496,1,497,1,54,1,0,78.2667,1,0,1,0,0
497,0,498,3,28,0,0,15.1,0,1,0,0,1
498,0,499,1,25,1,2,151.55,1,0,0,0,1
499,0,500,3,24,0,0,7.7958,0,1,0,0,1
500,0,501,3,17,0,0,8.6625,0,1,0,0,1
501,0,502,3,21,0,0,7.75,1,0,0,1,0
502,0,503,3,28,0,0,7.6292,1,0,0,1,0
503,0,504,3,37,0,0,9.5875,1,0,0,0,1
504,1,505,1,16,0,0,86.5,1,0,0,0,1
505,0,506,1,18,1,0,108.9,0,1,1,0,0
506,1,507,2,33,0,2,26,1,0,0,0,1
507,1,508,1,28,0,0,26.55,0,1,0,0,1
508,0,509,3,28,0,0,22.525,0,1,0,0,1
509,1,510,3,26,0,0,56.4958,0,1,0,0,1
510,1,511,3,29,0,0,7.75,0,1,0,1,0
511,0,512,3,28,0,0,8.05,0,1,0,0,1
512,1,513,1,36,0,0,26.2875,0,1,0,0,1
513,1,514,1,54,1,0,59.4,1,0,1,0,0
514,0,515,3,24,0,0,7.4958,0,1,0,0,1
515,0,516,1,47,0,0,34.0208,0,1,0,0,1
516,1,517,2,34,0,0,10.5,1,0,0,0,1
517,0,518,3,28,0,0,24.15,0,1,0,1,0
518,1,519,2,36,1,0,26,1,0,0,0,1
519,0,520,3,32,0,0,7.8958,0,1,0,0,1
520,1,521,1,30,0,0,93.5,1,0,0,0,1
521,0,522,3,22,0,0,7.8958,0,1,0,0,1
522,0,523,3,28,0,0,7.225,0,1,1,0,0
523,1,524,1,44,0,1,57.9792,1,0,1,0,0
524,0,525,3,28,0,0,7.2292,0,1,1,0,0
525,0,526,3,40.5,0,0,7.75,0,1,0,1,0
526,1,527,2,50,0,0,10.5,1,0,0,0,1
527,0,528,1,28,0,0,221.7792,0,1,0,0,1
528,0,529,3,39,0,0,7.925,0,1,0,0,1
529,0,530,2,23,2,1,11.5,0,1,0,0,1
530,1,531,2,2,1,1,26,1,0,0,0,1
531,0,532,3,28,0,0,7.2292,0,1,1,0,0
532,0,533,3,17,1,1,7.2292,0,1,1,0,0
533,1,534,3,28,0,2,22.3583,1,0,1,0,0
534,0,535,3,30,0,0,8.6625,1,0,0,0,1
535,1,536,2,7,0,2,26.25,1,0,0,0,1
536,0,537,1,45,0,0,26.55,0,1,0,0,1
537,1,538,1,30,0,0,106.425,1,0,1,0,0
538,0,539,3,28,0,0,14.5,0,1,0,0,1
539,1,540,1,22,0,2,49.5,1,0,1,0,0
540,1,541,1,36,0,2,71,1,0,0,0,1
541,0,542,3,9,4,2,31.275,1,0,0,0,1
542,0,543,3,11,4,2,31.275,1,0,0,0,1
543,1,544,2,32,1,0,26,0,1,0,0,1
544,0,545,1,50,1,0,106.425,0,1,1,0,0
545,0,546,1,64,0,0,26,0,1,0,0,1
546,1,547,2,19,1,0,26,1,0,0,0,1
547,1,548,2,28,0,0,13.8625,0,1,1,0,0
548,0,549,3,33,1,1,20.525,0,1,0,0,1
549,1,550,2,8,1,1,36.75,0,1,0,0,1
550,1,551,1,17,0,2,110.8833,0,1,1,0,0
551,0,552,2,27,0,0,26,0,1,0,0,1
552,0,553,3,28,0,0,7.8292,0,1,0,1,0
553,1,554,3,22,0,0,7.225,0,1,1,0,0
554,1,555,3,22,0,0,7.775,1,0,0,0,1
555,0,556,1,62,0,0,26.55,0,1,0,0,1
556,1,557,1,48,1,0,39.6,1,0,1,0,0
557,0,558,1,28,0,0,227.525,0,1,1,0,0
558,1,559,1,39,1,1,79.65,1,0,0,0,1
559,1,560,3,36,1,0,17.4,1,0,0,0,1
560,0,561,3,28,0,0,7.75,0,1,0,1,0
561,0,562,3,40,0,0,7.8958,0,1,0,0,1
562,0,563,2,28,0,0,13.5,0,1,0,0,1
563,0,564,3,28,0,0,8.05,0,1,0,0,1
564,0,565,3,28,0,0,8.05,1,0,0,0,1
565,0,566,3,24,2,0,24.15,0,1,0,0,1
566,0,567,3,19,0,0,7.8958,0,1,0,0,1
567,0,568,3,29,0,4,21.075,1,0,0,0,1
568,0,569,3,28,0,0,7.2292,0,1,1,0,0
569,1,570,3,32,0,0,7.8542,0,1,0,0,1
570,1,571,2,62,0,0,10.5,0,1,0,0,1
571,1,572,1,53,2,0,51.4792,1,0,0,0,1
572,1,573,1,36,0,0,26.3875,0,1,0,0,1
573,1,574,3,28,0,0,7.75,1,0,0,1,0
574,0,575,3,16,0,0,8.05,0,1,0,0,1
575,0,576,3,19,0,0,14.5,0,1,0,0,1
576,1,577,2,34,0,0,13,1,0,0,0,1
577,1,578,1,39,1,0,55.9,1,0,0,0,1
578,0,579,3,28,1,0,14.4583,1,0,1,0,0
579,1,580,3,32,0,0,7.925,0,1,0,0,1
580,1,581,2,25,1,1,30,1,0,0,0,1
581,1,582,1,39,1,1,110.8833,1,0,1,0,0
582,0,583,2,54,0,0,26,0,1,0,0,1
583,0,584,1,36,0,0,40.125,0,1,1,0,0
584,0,585,3,28,0,0,8.7125,0,1,1,0,0
585,1,586,1,18,0,2,79.65,1,0,0,0,1
586,0,587,2,47,0,0,15,0,1,0,0,1
587,1,588,1,60,1,1,79.2,0,1,1,0,0
588,0,589,3,22,0,0,8.05,0,1,0,0,1
589,0,590,3,28,0,0,8.05,0,1,0,0,1
590,0,591,3,35,0,0,7.125,0,1,0,0,1
591,1,592,1,52,1,0,78.2667,1,0,1,0,0
592,0,593,3,47,0,0,7.25,0,1,0,0,1
593,0,594,3,28,0,2,7.75,1,0,0,1,0
594,0,595,2,37,1,0,26,0,1,0,0,1
595,0,596,3,36,1,1,24.15,0,1,0,0,1
596,1,597,2,28,0,0,33,1,0,0,0,1
597,0,598,3,49,0,0,0,0,1,0,0,1
598,0,599,3,28,0,0,7.225,0,1,1,0,0
599,1,600,1,49,1,0,56.9292,0,1,1,0,0
600,1,601,2,24,2,1,27,1,0,0,0,1
601,0,602,3,28,0,0,7.8958,0,1,0,0,1
602,0,603,1,28,0,0,42.4,0,1,0,0,1
603,0,604,3,44,0,0,8.05,0,1,0,0,1
604,1,605,1,35,0,0,26.55,0,1,1,0,0
605,0,606,3,36,1,0,15.55,0,1,0,0,1
606,0,607,3,30,0,0,7.8958,0,1,0,0,1
607,1,608,1,27,0,0,30.5,0,1,0,0,1
608,1,609,2,22,1,2,41.5792,1,0,1,0,0
609,1,610,1,40,0,0,153.4625,1,0,0,0,1
610,0,611,3,39,1,5,31.275,1,0,0,0,1
611,0,612,3,28,0,0,7.05,0,1,0,0,1
612,1,613,3,28,1,0,15.5,1,0,0,1,0
613,0,614,3,28,0,0,7.75,0,1,0,1,0
614,0,615,3,35,0,0,8.05,0,1,0,0,1
615,1,616,2,24,1,2,65,1,0,0,0,1
616,0,617,3,34,1,1,14.4,0,1,0,0,1
617,0,618,3,26,1,0,16.1,1,0,0,0,1
618,1,619,2,4,2,1,39,1,0,0,0,1
619,0,620,2,26,0,0,10.5,0,1,0,0,1
620,0,621,3,27,1,0,14.4542,0,1,1,0,0
621,1,622,1,42,1,0,52.5542,0,1,0,0,1
622,1,623,3,20,1,1,15.7417,0,1,1,0,0
623,0,624,3,21,0,0,7.8542,0,1,0,0,1
624,0,625,3,21,0,0,16.1,0,1,0,0,1
625,0,626,1,61,0,0,32.3208,0,1,0,0,1
626,0,627,2,57,0,0,12.35,0,1,0,1,0
627,1,628,1,21,0,0,77.9583,1,0,0,0,1
628,0,629,3,26,0,0,7.8958,0,1,0,0,1
629,0,630,3,28,0,0,7.7333,0,1,0,1,0
630,1,631,1,80,0,0,30,0,1,0,0,1
631,0,632,3,51,0,0,7.0542,0,1,0,0,1
632,1,633,1,32,0,0,30.5,0,1,1,0,0
633,0,634,1,28,0,0,0,0,1,0,0,1
634,0,635,3,9,3,2,27.9,1,0,0,0,1
635,1,636,2,28,0,0,13,1,0,0,0,1
636,0,637,3,32,0,0,7.925,0,1,0,0,1
637,0,638,2,31,1,1,26.25,0,1,0,0,1
638,0,639,3,41,0,5,39.6875,1,0,0,0,1
639,0,640,3,28,1,0,16.1,0,1,0,0,1
640,0,641,3,20,0,0,7.8542,0,1,0,0,1
641,1,642,1,24,0,0,69.3,1,0,1,0,0
642,0,643,3,2,3,2,27.9,1,0,0,0,1
643,1,644,3,28,0,0,56.4958,0,1,0,0,1
644,1,645,3,0.75,2,1,19.2583,1,0,1,0,0
645,1,646,1,48,1,0,76.7292,0,1,1,0,0
646,0,647,3,19,0,0,7.8958,0,1,0,0,1
647,1,648,1,56,0,0,35.5,0,1,1,0,0
648,0,649,3,28,0,0,7.55,0,1,0,0,1
649,1,650,3,23,0,0,7.55,1,0,0,0,1
650,0,651,3,28,0,0,7.8958,0,1,0,0,1
651,1,652,2,18,0,1,23,1,0,0,0,1
652,0,653,3,21,0,0,8.4333,0,1,0,0,1
653,1,654,3,28,0,0,7.8292,1,0,0,1,0
654,0,655,3,18,0,0,6.75,1,0,0,1,0
655,0,656,2,24,2,0,73.5,0,1,0,0,1
656,0,657,3,28,0,0,7.8958,0,1,0,0,1
657,0,658,3,32,1,1,15.5,1,0,0,1,0
658,0,659,2,23,0,0,13,0,1,0,0,1
659,0,660,1,58,0,2,113.275,0,1,1,0,0
660,1,661,1,50,2,0,133.65,0,1,0,0,1
661,0,662,3,40,0,0,7.225,0,1,1,0,0
662,0,663,1,47,0,0,25.5875,0,1,0,0,1
663,0,664,3,36,0,0,7.4958,0,1,0,0,1
664,1,665,3,20,1,0,7.925,0,1,0,0,1
665,0,666,2,32,2,0,73.5,0,1,0,0,1
666,0,667,2,25,0,0,13,0,1,0,0,1
667,0,668,3,28,0,0,7.775,0,1,0,0,1
668,0,669,3,43,0,0,8.05,0,1,0,0,1
669,1,670,1,28,1,0,52,1,0,0,0,1
670,1,671,2,40,1,1,39,1,0,0,0,1
671,0,672,1,31,1,0,52,0,1,0,0,1
672,0,673,2,70,0,0,10.5,0,1,0,0,1
673,1,674,2,31,0,0,13,0,1,0,0,1
674,0,675,2,28,0,0,0,0,1,0,0,1
675,0,676,3,18,0,0,7.775,0,1,0,0,1
676,0,677,3,24.5,0,0,8.05,0,1,0,0,1
677,1,678,3,18,0,0,9.8417,1,0,0,0,1
678,0,679,3,43,1,6,46.9,1,0,0,0,1
679,1,680,1,36,0,1,512.3292,0,1,1,0,0
680,0,681,3,28,0,0,8.1375,1,0,0,1,0
681,1,682,1,27,0,0,76.7292,0,1,1,0,0
682,0,683,3,20,0,0,9.225,0,1,0,0,1
683,0,684,3,14,5,2,46.9,0,1,0,0,1
684,0,685,2,60,1,1,39,0,1,0,0,1
685,0,686,2,25,1,2,41.5792,0,1,1,0,0
686,0,687,3,14,4,1,39.6875,0,1,0,0,1
687,0,688,3,19,0,0,10.1708,0,1,0,0,1
688,0,689,3,18,0,0,7.7958,0,1,0,0,1
689,1,690,1,15,0,1,211.3375,1,0,0,0,1
690,1,691,1,31,1,0,57,0,1,0,0,1
691,1,692,3,4,0,1,13.4167,1,0,1,0,0
692,1,693,3,28,0,0,56.4958,0,1,0,0,1
693,0,694,3,25,0,0,7.225,0,1,1,0,0
694,0,695,1,60,0,0,26.55,0,1,0,0,1
695,0,696,2,52,0,0,13.5,0,1,0,0,1
696,0,697,3,44,0,0,8.05,0,1,0,0,1
697,1,698,3,28,0,0,7.7333,1,0,0,1,0
698,0,699,1,49,1,1,110.8833,0,1,1,0,0
699,0,700,3,42,0,0,7.65,0,1,0,0,1
700,1,701,1,18,1,0,227.525,1,0,1,0,0
701,1,702,1,35,0,0,26.2875,0,1,0,0,1
702,0,703,3,18,0,1,14.4542,1,0,1,0,0
703,0,704,3,25,0,0,7.7417,0,1,0,1,0
704,0,705,3,26,1,0,7.8542,0,1,0,0,1
705,0,706,2,39,0,0,26,0,1,0,0,1
706,1,707,2,45,0,0,13.5,1,0,0,0,1
707,1,708,1,42,0,0,26.2875,0,1,0,0,1
708,1,709,1,22,0,0,151.55,1,0,0,0,1
709,1,710,3,28,1,1,15.2458,0,1,1,0,0
710,1,711,1,24,0,0,49.5042,1,0,1,0,0
711,0,712,1,28,0,0,26.55,0,1,0,0,1
712,1,713,1,48,1,0,52,0,1,0,0,1
713,0,714,3,29,0,0,9.4833,0,1,0,0,1
714,0,715,2,52,0,0,13,0,1,0,0,1
715,0,716,3,19,0,0,7.65,0,1,0,0,1
716,1,717,1,38,0,0,227.525,1,0,1,0,0
717,1,718,2,27,0,0,10.5,1,0,0,0,1
718,0,719,3,28,0,0,15.5,0,1,0,1,0
719,0,720,3,33,0,0,7.775,0,1,0,0,1
720,1,721,2,6,0,1,33,1,0,0,0,1
721,0,722,3,17,1,0,7.0542,0,1,0,0,1
722,0,723,2,34,0,0,13,0,1,0,0,1
723,0,724,2,50,0,0,13,0,1,0,0,1
724,1,725,1,27,1,0,53.1,0,1,0,0,1
725,0,726,3,20,0,0,8.6625,0,1,0,0,1
726,1,727,2,30,3,0,21,1,0,0,0,1
727,1,728,3,28,0,0,7.7375,1,0,0,1,0
728,0,729,2,25,1,0,26,0,1,0,0,1
729,0,730,3,25,1,0,7.925,1,0,0,0,1
730,1,731,1,29,0,0,211.3375,1,0,0,0,1
731,0,732,3,11,0,0,18.7875,0,1,1,0,0
732,0,733,2,28,0,0,0,0,1,0,0,1
733,0,734,2,23,0,0,13,0,1,0,0,1
734,0,735,2,23,0,0,13,0,1,0,0,1
735,0,736,3,28.5,0,0,16.1,0,1,0,0,1
736,0,737,3,48,1,3,34.375,1,0,0,0,1
737,1,738,1,35,0,0,512.3292,0,1,1,0,0
738,0,739,3,28,0,0,7.8958,0,1,0,0,1
739,0,740,3,28,0,0,7.8958,0,1,0,0,1
740,1,741,1,28,0,0,30,0,1,0,0,1
741,0,742,1,36,1,0,78.85,0,1,0,0,1
742,1,743,1,21,2,2,262.375,1,0,1,0,0
743,0,744,3,24,1,0,16.1,0,1,0,0,1
744,1,745,3,31,0,0,7.925,0,1,0,0,1
745,0,746,1,70,1,1,71,0,1,0,0,1
746,0,747,3,16,1,1,20.25,0,1,0,0,1
747,1,748,2,30,0,0,13,1,0,0,0,1
748,0,749,1,19,1,0,53.1,0,1,0,0,1
749,0,750,3,31,0,0,7.75,0,1,0,1,0
750,1,751,2,4,1,1,23,1,0,0,0,1
751,1,752,3,6,0,1,12.475,0,1,0,0,1
752,0,753,3,33,0,0,9.5,0,1,0,0,1
753,0,754,3,23,0,0,7.8958,0,1,0,0,1
754,1,755,2,48,1,2,65,1,0,0,0,1
755,1,756,2,0.67,1,1,14.5,0,1,0,0,1
756,0,757,3,28,0,0,7.7958,0,1,0,0,1
757,0,758,2,18,0,0,11.5,0,1,0,0,1
758,0,759,3,34,0,0,8.05,0,1,0,0,1
759,1,760,1,33,0,0,86.5,1,0,0,0,1
760,0,761,3,28,0,0,14.5,0,1,0,0,1
761,0,762,3,41,0,0,7.125,0,1,0,0,1
762,1,763,3,20,0,0,7.2292,0,1,1,0,0
763,1,764,1,36,1,2,120,1,0,0,0,1
764,0,765,3,16,0,0,7.775,0,1,0,0,1
765,1,766,1,51,1,0,77.9583,1,0,0,0,1
766,0,767,1,28,0,0,39.6,0,1,1,0,0
767,0,768,3,30.5,0,0,7.75,1,0,0,1,0
768,0,769,3,28,1,0,24.15,0,1,0,1,0
769,0,770,3,32,0,0,8.3625,0,1,0,0,1
770,0,771,3,24,0,0,9.5,0,1,0,0,1
771,0,772,3,48,0,0,7.8542,0,1,0,0,1
772,0,773,2,57,0,0,10.5,1,0,0,0,1
773,0,774,3,28,0,0,7.225,0,1,1,0,0
774,1,775,2,54,1,3,23,1,0,0,0,1
775,0,776,3,18,0,0,7.75,0,1,0,0,1
776,0,777,3,28,0,0,7.75,0,1,0,1,0
777,1,778,3,5,0,0,12.475,1,0,0,0,1
778,0,779,3,28,0,0,7.7375,0,1,0,1,0
779,1,780,1,43,0,1,211.3375,1,0,0,0,1
780,1,781,3,13,0,0,7.2292,1,0,1,0,0
781,1,782,1,17,1,0,57,1,0,0,0,1
782,0,783,1,29,0,0,30,0,1,0,0,1
783,0,784,3,28,1,2,23.45,0,1,0,0,1
784,0,785,3,25,0,0,7.05,0,1,0,0,1
785,0,786,3,25,0,0,7.25,0,1,0,0,1
786,1,787,3,18,0,0,7.4958,1,0,0,0,1
787,0,788,3,8,4,1,29.125,0,1,0,1,0
788,1,789,3,1,1,2,20.575,0,1,0,0,1
789,0,790,1,46,0,0,79.2,0,1,1,0,0
790,0,791,3,28,0,0,7.75,0,1,0,1,0
791,0,792,2,16,0,0,26,0,1,0,0,1
792,0,793,3,28,8,2,69.55,1,0,0,0,1
793,0,794,1,28,0,0,30.6958,0,1,1,0,0
794,0,795,3,25,0,0,7.8958,0,1,0,0,1
795,0,796,2,39,0,0,13,0,1,0,0,1
796,1,797,1,49,0,0,25.9292,1,0,0,0,1
797,1,798,3,31,0,0,8.6833,1,0,0,0,1
798,0,799,3,30,0,0,7.2292,0,1,1,0,0
799,0,800,3,30,1,1,24.15,1,0,0,0,1
800,0,801,2,34,0,0,13,0,1,0,0,1
801,1,802,2,31,1,1,26.25,1,0,0,0,1
802,1,803,1,11,1,2,120,0,1,0,0,1
803,1,804,3,0.42,0,1,8.5167,0,1,1,0,0
804,1,805,3,27,0,0,6.975,0,1,0,0,1
805,0,806,3,31,0,0,7.775,0,1,0,0,1
806,0,807,1,39,0,0,0,0,1,0,0,1
807,0,808,3,18,0,0,7.775,1,0,0,0,1
808,0,809,2,39,0,0,13,0,1,0,0,1
809,1,810,1,33,1,0,53.1,1,0,0,0,1
810,0,811,3,26,0,0,7.8875,0,1,0,0,1
811,0,812,3,39,0,0,24.15,0,1,0,0,1
812,0,813,2,35,0,0,10.5,0,1,0,0,1
813,0,814,3,6,4,2,31.275,1,0,0,0,1
814,0,815,3,30.5,0,0,8.05,0,1,0,0,1
815,0,816,1,28,0,0,0,0,1,0,0,1
816,0,817,3,23,0,0,7.925,1,0,0,0,1
817,0,818,2,31,1,1,37.0042,0,1,1,0,0
818,0,819,3,43,0,0,6.45,0,1,0,0,1
819,0,820,3,10,3,2,27.9,0,1,0,0,1
820,1,821,1,52,1,1,93.5,1,0,0,0,1
821,1,822,3,27,0,0,8.6625,0,1,0,0,1
822,0,823,1,38,0,0,0,0,1,0,0,1
823,1,824,3,27,0,1,12.475,1,0,0,0,1
824,0,825,3,2,4,1,39.6875,0,1,0,0,1
825,0,826,3,28,0,0,6.95,0,1,0,1,0
826,0,827,3,28,0,0,56.4958,0,1,0,0,1
827,1,828,2,1,0,2,37.0042,0,1,1,0,0
828,1,829,3,28,0,0,7.75,0,1,0,1,0
829,1,830,1,62,0,0,80,1,0,0,0,0
830,1,831,3,15,1,0,14.4542,1,0,1,0,0
831,1,832,2,0.83,1,1,18.75,0,1,0,0,1
832,0,833,3,28,0,0,7.2292,0,1,1,0,0
833,0,834,3,23,0,0,7.8542,0,1,0,0,1
834,0,835,3,18,0,0,8.3,0,1,0,0,1
835,1,836,1,39,1,1,83.1583,1,0,1,0,0
836,0,837,3,21,0,0,8.6625,0,1,0,0,1
837,0,838,3,28,0,0,8.05,0,1,0,0,1
838,1,839,3,32,0,0,56.4958,0,1,0,0,1
839,1,840,1,28,0,0,29.7,0,1,1,0,0
840,0,841,3,20,0,0,7.925,0,1,0,0,1
841,0,842,2,16,0,0,10.5,0,1,0,0,1
842,1,843,1,30,0,0,31,1,0,1,0,0
843,0,844,3,34.5,0,0,6.4375,0,1,1,0,0
844,0,845,3,17,0,0,8.6625,0,1,0,0,1
845,0,846,3,42,0,0,7.55,0,1,0,0,1
846,0,847,3,28,8,2,69.55,0,1,0,0,1
847,0,848,3,35,0,0,7.8958,0,1,1,0,0
848,0,849,2,28,0,1,33,0,1,0,0,1
849,1,850,1,28,1,0,89.1042,1,0,1,0,0
850,0,851,3,4,4,2,31.275,0,1,0,0,1
851,0,852,3,74,0,0,7.775,0,1,0,0,1
852,0,853,3,9,1,1,15.2458,1,0,1,0,0
853,1,854,1,16,0,1,39.4,1,0,0,0,1
854,0,855,2,44,1,0,26,1,0,0,0,1
855,1,856,3,18,0,1,9.35,1,0,0,0,1
856,1,857,1,45,1,1,164.8667,1,0,0,0,1
857,1,858,1,51,0,0,26.55,0,1,0,0,1
858,1,859,3,24,0,3,19.2583,1,0,1,0,0
859,0,860,3,28,0,0,7.2292,0,1,1,0,0
860,0,861,3,41,2,0,14.1083,0,1,0,0,1
861,0,862,2,21,1,0,11.5,0,1,0,0,1
862,1,863,1,48,0,0,25.9292,1,0,0,0,1
863,0,864,3,28,8,2,69.55,1,0,0,0,1
864,0,865,2,24,0,0,13,0,1,0,0,1
865,1,866,2,42,0,0,13,1,0,0,0,1
866,1,867,2,27,1,0,13.8583,1,0,1,0,0
867,0,868,1,31,0,0,50.4958,0,1,0,0,1
868,0,869,3,28,0,0,9.5,0,1,0,0,1
869,1,870,3,4,1,1,11.1333,0,1,0,0,1
870,0,871,3,26,0,0,7.8958,0,1,0,0,1
871,1,872,1,47,1,1,52.5542,1,0,0,0,1
872,0,873,1,33,0,0,5,0,1,0,0,1
873,0,874,3,47,0,0,9,0,1,0,0,1
874,1,875,2,28,1,0,24,1,0,1,0,0
875,1,876,3,15,0,0,7.225,1,0,1,0,0
876,0,877,3,20,0,0,9.8458,0,1,0,0,1
877,0,878,3,19,0,0,7.8958,0,1,0,0,1
878,0,879,3,28,0,0,7.8958,0,1,0,0,1
879,1,880,1,56,0,1,83.1583,1,0,1,0,0
880,1,881,2,25,0,1,26,1,0,0,0,1
881,0,882,3,33,0,0,7.8958,0,1,0,0,1
882,0,883,3,22,0,0,10.5167,1,0,0,0,1
883,0,884,2,28,0,0,10.5,0,1,0,0,1
884,0,885,3,25,0,0,7.05,0,1,0,0,1
885,0,886,3,39,0,5,29.125,1,0,0,1,0
886,0,887,2,27,0,0,13,0,1,0,0,1
887,1,888,1,19,0,0,30,1,0,0,0,1
888,0,889,3,28,1,2,23.45,1,0,0,0,1
889,1,890,1,26,0,0,30,0,1,1,0,0
890,0,891,3,32,0,0,7.75,0,1,0,1,0